product_name,overall_rating,no_ratings,no_reviews,rating,title,review,cleaned_text,textblob_sentiment_seq,textblob_polarity_seq,textblob_sentiment_par,textblob_polarity_par,roberta_sentiment_seq,roberta_confidence_seq,roberta_sentiment_par,roberta_confidence_par
Apple MacBook AIR Apple M2 - (8 GB/256 GB SSD/Mac OS Monterey)...,4.7,"15,210",900,5,Perfect product!,"Loved it, it's my first MacBook that I earned from my hardwork 🥺❤️",loved first macbook earned hardwork,positive,0.475,positive,0.475,positive,0.9906877875328064,positive,0.9906877875328064
Apple MacBook AIR Apple M2 - (8 GB/256 GB SSD/Mac OS Monterey)...,4.7,"15,210",900,5,Fabulous!,"Battery lasted longer than my first relationship (2 days).
Listening to Arijit singh songs on full volume since then still isn't getting over. Has more warmth than her. unlike her there's two way communication here as touchpad is very responsive. fingerprint lock is nice as it only opens up to me. 5 stars for this -1 for her",battery lasted longer first relationship days listening arijit singh songs full volume since still isnt getting warmth unlike theres two way communication touchpad responsive fingerprint lock nice opens stars,positive,0.31666666666666665,positive,0.31666666666666665,positive,0.8910505175590515,positive,0.8910505175590515
Apple MacBook AIR Apple M2 - (8 GB/256 GB SSD/Mac OS Monterey)...,4.7,"15,210",900,5,Fabulous!,"Such a great deal.. very happy with the performance and battery life..Origional product..🥰❤️
Thank you Flipkart..!!!",great deal happy performance battery lifeorigional product thank flipkart,positive,0.6,positive,0.6,positive,0.9888296723365784,positive,0.9888296723365784
Apple MacBook AIR Apple M2 - (8 GB/256 GB SSD/Mac OS Monterey)...,4.7,"15,210",900,4,Delightful,"Awesome build quality and very good display, battery and camera. Still new to macOS",awesome build quality good display battery camera still new macos,positive,0.6821212121212121,positive,0.6821212121212121,positive,0.9822637438774109,positive,0.9822637438774109
Apple MacBook AIR Apple M2 - (8 GB/256 GB SSD/Mac OS Monterey)...,4.7,"15,210",900,5,Awesome,"When i ordered and came to know about seller review,i was scared that in what condition i will get macbook. but i was wrong.

This is my first macbook and i am fully satisfied with the product with original packaging of apple and got genuine product.

It's very thin and light and looks very premium.

As A software developer, i installed intellij idea ide and guess what.
It's magic,it is opening just in a click and within 5 seconds.
Great performance, no heating issue, sound quality awesome an...
READ MORE",ordered came know seller reviewi scared condition get macbook wrong first macbook fully satisfied product original packaging apple got genuine product thin light looks premium software developer installed intellij idea ide guess magicit opening click within seconds great performance heating issue sound quality awesome read,positive,0.31708333333333333,positive,0.31708333333333333,positive,0.4692973792552948,positive,0.4692973792552948
Apple MacBook AIR Apple M2 - (8 GB/256 GB SSD/Mac OS Monterey)...,4.7,"15,210",900,5,Super!,Super product,super product,positive,0.3333333333333333,positive,0.3333333333333333,positive,0.9507879614830017,positive,0.9507879614830017
Apple MacBook AIR Apple M2 - (8 GB/256 GB SSD/Mac OS Monterey)...,4.7,"15,210",900,5,Super!,Go for it..its awesome,itits awesome,positive,1.0,positive,1.0,positive,0.9735857844352722,positive,0.9735857844352722
Apple MacBook AIR Apple M2 - (8 GB/256 GB SSD/Mac OS Monterey)...,4.7,"15,210",900,5,Mind-blowing purchase,"Best , best and best 🫶🏻👑🍎",best best best,positive,1.0,positive,1.0,positive,0.9680894017219543,positive,0.9680894017219543
Apple MacBook AIR Apple M2 - (8 GB/256 GB SSD/Mac OS Monterey)...,4.7,"15,210",900,5,Just wow!,Its really very good and compact device.,really good compact device,positive,0.9099999999999999,positive,0.9099999999999999,positive,0.9800146818161011,positive,0.9800146818161011
Apple MacBook AIR Apple M2 - (8 GB/256 GB SSD/Mac OS Monterey)...,4.7,"15,210",900,5,Brilliant,"Superb built quality, Amazing performance and display quality...

Got it at 72k, wonderful product at great price.",superb built quality amazing performance display quality got 72k wonderful product great price,positive,0.8500000000000001,positive,0.8500000000000001,positive,0.9773943424224854,positive,0.9773943424224854
Apple MacBook AIR Apple M2 - (8 GB/256 GB SSD/Mac OS Monterey)...,4.7,"15,210",900,5,Mind-blowing purchase,"Great laptop. Very good performance, battery life and look and feel. Very happy with my purchase",great laptop good performance battery life look feel happy purchase,positive,0.9033333333333333,positive,0.9033333333333333,positive,0.9880919456481934,positive,0.9880919456481934
Apple MacBook AIR Apple M2 - (8 GB/256 GB SSD/Mac OS Monterey)...,4.7,"15,210",900,5,Terrific,Superb 😍,superb,positive,1.0,positive,1.0,positive,0.9751926064491272,positive,0.9751926064491272
Apple MacBook AIR Apple M2 - (8 GB/256 GB SSD/Mac OS Monterey)...,4.7,"15,210",900,5,Mind-blowing purchase,Best powerful machine in all aspects,best powerful machine aspects,positive,0.65,positive,0.65,positive,0.9559749960899353,positive,0.9559749960899353
Apple MacBook AIR Apple M2 - (8 GB/256 GB SSD/Mac OS Monterey)...,4.7,"15,210",900,5,Mind-blowing purchase,just love how apple is in their own league!!,love apple league,positive,0.71875,positive,0.71875,positive,0.9817138314247131,positive,0.9817138314247131
Apple MacBook AIR Apple M2 - (8 GB/256 GB SSD/Mac OS Monterey)...,4.7,"15,210",900,5,Highly recommended,This is the first MacBook I ever have. And I must say no one can match Apple product.,first macbook ever must say one match apple product,positive,0.25,positive,0.25,positive,0.9439995288848877,positive,0.9439995288848877
Apple MacBook AIR Apple M2 - (8 GB/256 GB SSD/Mac OS Monterey)...,4.7,"15,210",900,5,Brilliant,Product is nice but price droped by 6k after purchasing so feels a bit dispointed.,product nice price droped purchasing feels bit dispointed,positive,0.6,positive,0.6,negative,0.7539275288581848,negative,0.7539275288581848
Apple MacBook AIR Apple M2 - (8 GB/256 GB SSD/Mac OS Monterey)...,4.7,"15,210",900,5,Worth every penny,Worth every penny u spend,worth every penny spend,positive,0.3,positive,0.3,positive,0.6952482461929321,positive,0.6952482461929321
Apple MacBook AIR Apple M2 - (8 GB/256 GB SSD/Mac OS Monterey)...,4.7,"15,210",900,5,Brilliant,Its very good product.,good product,positive,0.9099999999999999,positive,0.9099999999999999,positive,0.9740172624588013,positive,0.9740172624588013
Apple MacBook AIR Apple M2 - (8 GB/256 GB SSD/Mac OS Monterey)...,4.7,"15,210",900,5,Terrific purchase,"My first MacBook and also my first laptop. First I thought of buying a windows laptop as macbooks are way more expensive. But during the sale I bought it at 73k which is a steal deal. I am a college student and mainly bought it for coding, streaming videos and movies and also for some editing tasks.

I would like to tell you if you are not a gamer this is one of the best laptops you can have in this price range. Loved the design, the colour, the sound , the display, the battery backup and al...
READ MORE",first macbook also first laptop first thought buying windows laptop macbooks way expensive sale bought 73k steal deal college student mainly bought coding streaming videos movies also editing tasks would like tell gamer one best laptops price range loved design colour sound display battery backup read,positive,0.3516666666666666,positive,0.3516666666666666,positive,0.7635782361030579,positive,0.7635782361030579
Apple MacBook AIR Apple M2 - (8 GB/256 GB SSD/Mac OS Monterey)...,4.7,"15,210",900,5,Must buy!,"A good power pack laptop to go with,",good power pack laptop,positive,0.7,positive,0.7,positive,0.6844002604484558,positive,0.6844002604484558
Apple MacBook AIR Apple M2 - (8 GB/256 GB SSD/Mac OS Monterey)...,4.7,"15,210",900,5,Wonderful,"This is my first macbook...was using windows since 3rd grade ...both are different but macOS feels so smooth and optimised.

As soon as I setted it up ... I got one update... offcourse I updated my Mac.

I am loving this product... Especially the screen corners are so thin with least bezels..
Battery life is amazing...used moderately for 1 day.. discharged 50 %",first macbookwas using windows since 3rd grade different macos feels smooth optimised soon setted got one update offcourse updated mac loving product especially screen corners thin least bezels battery life amazingused moderately day discharged,positive,0.061111111111111116,positive,0.061111111111111116,positive,0.9111051559448242,positive,0.9111051559448242
Apple MacBook AIR Apple M2 - (8 GB/256 GB SSD/Mac OS Monterey)...,4.7,"15,210",900,5,Excellent,First mac and it works like a beast,first mac works like beast,positive,0.25,positive,0.25,positive,0.9503183364868164,positive,0.9503183364868164
Apple MacBook AIR Apple M2 - (8 GB/256 GB SSD/Mac OS Monterey)...,4.7,"15,210",900,5,Super!,This is the best in my entire life . Such a human Machine it is and 😀🎉,best entire life human machine,positive,0.25,positive,0.25,positive,0.9890398979187012,positive,0.9890398979187012
Apple MacBook AIR Apple M2 - (8 GB/256 GB SSD/Mac OS Monterey)...,4.7,"15,210",900,5,Simply awesome,Perfect one for office workers,perfect one office workers,positive,1.0,positive,1.0,positive,0.9518200159072876,positive,0.9518200159072876
Apple MacBook AIR Apple M2 - (8 GB/256 GB SSD/Mac OS Monterey)...,4.7,"15,210",900,5,Classy product,This is a great device as a personal laptop or work machine. The Full HD camera is a welcome addition. 6 month M365 subscription is free with this machine and that is a good add-on benefit. The small notch around the camera in the top middle of the screen is pretty neatly integrated and does not disturb. The build quality is fantastic and form factor is perfect to hold and operate.,great device personal laptop work machine full camera welcome addition month m365 subscription free machine good addon benefit small notch around camera top middle screen pretty neatly integrated disturb build quality fantastic form factor perfect hold operate,positive,0.4124999999999999,positive,0.4124999999999999,positive,0.9813756942749023,positive,0.9813756942749023
Apple MacBook AIR Apple M2 - (8 GB/256 GB SSD/Mac OS Monterey)...,4.7,"15,210",900,5,Highly recommended,"Just got the product, While detailed review will updated after couple of months usage.
From initial usage it's the best laptop i have used in my career",got product detailed review updated couple months usage initial usage best laptop used career,positive,0.4666666666666666,positive,0.4666666666666666,positive,0.9749568700790405,positive,0.9749568700790405
Apple MacBook AIR Apple M2 - (8 GB/256 GB SSD/Mac OS Monterey)...,4.7,"15,210",900,5,Wonderful,Very nice,nice,positive,0.78,positive,0.78,positive,0.922860860824585,positive,0.922860860824585
Apple MacBook AIR Apple M2 - (8 GB/256 GB SSD/Mac OS Monterey)...,4.7,"15,210",900,4,Delightful,Good for business work,good business work,positive,0.7,positive,0.7,positive,0.8436288833618164,positive,0.8436288833618164
Apple MacBook AIR Apple M2 - (8 GB/256 GB SSD/Mac OS Monterey)...,4.7,"15,210",900,4,Wonderful,Good,good,positive,0.7,positive,0.7,positive,0.6844374537467957,positive,0.6844374537467957
Apple MacBook AIR Apple M2 - (8 GB/256 GB SSD/Mac OS Monterey)...,4.7,"15,210",900,5,Using Mac after being a Windows user for almost 13 years.,"I have been using Windows for the past 13-odd years. Although I am a huge Apple fan and hence decided to buy this machine. I am writing this review after 1 month of usage.

The performance it delivers is just unmatched. On practical usage, it can easily beat the high-end Windows laptops. You are gonna love it from the moment you unbox it and would kinda wanna eat it once it falls in your hands.

The Apple silicon laptops really over-deliver than their on-paper specs. If it fits your budget...
READ MORE",using windows past 13odd years although huge apple fan hence decided buy machine writing review month usage performance delivers unmatched practical usage easily beat highend windows laptops gonna love moment unbox would kinda wanna eat falls hands apple silicon laptops really overdeliver onpaper specs fits budget read,positive,0.2972222222222222,positive,0.2972222222222222,positive,0.9305050373077393,positive,0.9305050373077393
Apple MacBook AIR Apple M2 - (8 GB/256 GB SSD/Mac OS Monterey)...,4.7,"15,210",900,5,Great product,Superb,superb,positive,1.0,positive,1.0,positive,0.9032238125801086,positive,0.9032238125801086
Apple MacBook AIR Apple M2 - (8 GB/256 GB SSD/Mac OS Monterey)...,4.7,"15,210",900,5,Simply awesome,Very nice product,nice product,positive,0.78,positive,0.78,positive,0.9448643922805786,positive,0.9448643922805786
Apple MacBook AIR Apple M2 - (8 GB/256 GB SSD/Mac OS Monterey)...,4.7,"15,210",900,5,Perfect product!,"This is my first MacBook Air with M2 chip.
Space grey color.
Overall performance is very good.
Battery is Good.
Display is superb.
Finally I owned my Mac.

But I need laptop bag.",first macbook air chip space grey color overall performance good battery good display superb finally owned mac need laptop bag,positive,0.40142857142857136,positive,0.40142857142857136,positive,0.9512706398963928,positive,0.9512706398963928
Apple MacBook AIR Apple M2 - (8 GB/256 GB SSD/Mac OS Monterey)...,4.7,"15,210",900,5,Classy product,"First time i have used macbook after windows and i would say i can't use windows again.beautiful display with amazing sound (specially dolby atmos feature) Performance of laptop is far better than windows top notch model laptops.

Flipkart delivery was worst part in this purchase.I have got this laptop 10 days after placing order and after making so much efforts.But overall i am satisfied with my purchase.",first time used macbook windows would say cant use windows againbeautiful display amazing sound specially dolby atmos feature performance laptop far better windows top notch model laptops flipkart delivery worst part purchasei got laptop days placing order making much effortsbut overall satisfied purchase,positive,0.21883116883116885,positive,0.21883116883116885,positive,0.9368667006492615,positive,0.9368667006492615
Apple MacBook AIR Apple M2 - (8 GB/256 GB SSD/Mac OS Monterey)...,4.7,"15,210",900,5,Terrific,"The MacBook Air M2 is Apple's latest addition to its renowned lineup of ultraportable laptops, and it certainly has a lot to offer. With its sleek design, remarkable M2 chip, and impressive battery life, it's a compelling choice for many users. However, it's not without its downsides.

**Pros:**

1. **Stunning Design:** The MacBook Air M2 maintains the iconic, slim, and lightweight design that Apple is known for. It's an absolute head-turner with its aluminum chassis.

2. **M2 Chip Performanc...
READ MORE",macbook air apples latest addition renowned lineup ultraportable laptops certainly lot offer sleek design remarkable chip impressive battery life compelling choice many users however without downsides pros stunning design macbook air maintains iconic slim lightweight design apple known absolute headturner aluminum chassis chip performanc read,positive,0.49642857142857144,positive,0.49642857142857144,positive,0.9498800039291382,positive,0.9498800039291382
Apple MacBook AIR Apple M2 - (8 GB/256 GB SSD/Mac OS Monterey)...,4.7,"15,210",900,5,Highly recommended,Just go for it. Performance and beauty is really amazing. 😻,performance beauty really amazing,positive,0.6000000000000001,positive,0.6000000000000001,positive,0.9830101132392883,positive,0.9830101132392883
Apple MacBook AIR Apple M2 - (8 GB/256 GB SSD/Mac OS Monterey)...,4.7,"15,210",900,5,Super!,Design and build quality is excellent🤩... Performance is good enough for most users🙃... Handles day to day tasks with ease😉... Battery life is mind benging😅... Overall bang for the buck😎,design build quality excellent performance good enough users handles day day tasks ease battery life mind benging overall bang buck,positive,0.3,positive,0.3,positive,0.9775509238243103,positive,0.9775509238243103
Apple MacBook AIR Apple M2 - (8 GB/256 GB SSD/Mac OS Monterey)...,4.7,"15,210",900,4,Very Good,Nice Experience with mac,nice experience mac,positive,0.6,positive,0.6,positive,0.944350004196167,positive,0.944350004196167
Apple MacBook AIR Apple M2 - (8 GB/256 GB SSD/Mac OS Monterey)...,4.7,"15,210",900,5,Perfect product!,"Just as expected,Awesome!",expectedawesome,neutral,0.0,neutral,0.0,positive,0.9817310571670532,positive,0.9817310571670532
Apple MacBook AIR Apple M2 - (8 GB/256 GB SSD/Mac OS Monterey)...,4.7,"15,210",900,5,Highly recommended,"I'm reviewing after 2 months, honestly I assure that I have used many laptops but this is the most experience ever. Literally M2's have crucial or beast performance no doubt. It's feel like butter on a hot pan, and I suggest if you purchase M2 you should be go for the starlight colour seriously colour is very unique.",reviewing months honestly assure used many laptops experience ever literally m2s crucial beast performance doubt feel like butter hot pan suggest purchase starlight colour seriously colour unique,positive,0.28630952380952385,positive,0.28630952380952385,positive,0.940654456615448,positive,0.940654456615448
Apple MacBook AIR Apple M2 - (8 GB/256 GB SSD/Mac OS Monterey)...,4.7,"15,210",900,5,Must buy!,EXPENSIVE BUT AMAZING! 🤯,expensive amazing,positive,0.12500000000000006,positive,0.12500000000000006,positive,0.9798968434333801,positive,0.9798968434333801
Apple MacBook AIR Apple M2 - (8 GB/256 GB SSD/Mac OS Monterey)...,4.7,"15,210",900,5,Must buy!,Awesome ✨❤️,awesome,positive,1.0,positive,1.0,positive,0.9815903306007385,positive,0.9815903306007385
Apple MacBook AIR Apple M2 - (8 GB/256 GB SSD/Mac OS Monterey)...,4.7,"15,210",900,4,Wonderful,Expected better. Has hinge problem,expected better hinge problem,positive,0.2,positive,0.2,neutral,0.5206677913665771,neutral,0.5206677913665771
Apple MacBook AIR Apple M2 - (8 GB/256 GB SSD/Mac OS Monterey)...,4.7,"15,210",900,5,Fabulous!,"2 weeks review, product is very optimal in performance, price a bit high but overall product satisfaction is always there when ever u purchase an apple product, would take time to get used to its apps those who r used to working on windows like I am. Good buy 👍",weeks review product optimal performance price bit high overall product satisfaction always ever purchase apple product would take time get used apps used working windows like good buy,positive,0.265,positive,0.265,positive,0.9646708369255066,positive,0.9646708369255066
Apple MacBook AIR Apple M2 - (8 GB/256 GB SSD/Mac OS Monterey)...,4.7,"15,210",900,5,Brilliant,"Amazing Display, battery and performance is super efficient, best product at a best price with the credit card discount.

Lastly the new Starlight colour just looks 😍 fantastic...",amazing display battery performance super efficient best product best price credit card discount lastly new starlight colour looks fantastic,positive,0.49567099567099565,positive,0.49567099567099565,positive,0.984152615070343,positive,0.984152615070343
Apple MacBook AIR Apple M2 - (8 GB/256 GB SSD/Mac OS Monterey)...,4.7,"15,210",900,4,Nice product,Well I am a software developer. The laptop heats up really quickly. And once it does the device starts to lag,well software developer laptop heats really quickly device starts lag,positive,0.3333333333333333,positive,0.3333333333333333,neutral,0.5702635049819946,neutral,0.5702635049819946
Apple MacBook AIR Apple M2 - (8 GB/256 GB SSD/Mac OS Monterey)...,4.7,"15,210",900,5,Classy product,"Awesome battery backup, performance wise no complaints , slick design and loved the midnight colour.... Although it's a fingerprint magnet

Delivery experience was very good",awesome battery backup performance wise complaints slick design loved midnight colour although fingerprint magnet delivery experience good,positive,0.6119999999999999,positive,0.6119999999999999,positive,0.9778215885162354,positive,0.9778215885162354
Apple MacBook AIR Apple M2 - (8 GB/256 GB SSD/Mac OS Monterey)...,4.7,"15,210",900,5,Best in the market!,"Best machine
Super slim
Superb battery backup
Superb performance
Superb display
Premium design
Nice packaging
100% genuine
Far better than windows laptp",best machine super slim superb battery backup superb performance superb display premium design nice packaging 100 genuine far better windows laptp,positive,0.6592592592592592,positive,0.6592592592592592,positive,0.9403808116912842,positive,0.9403808116912842
Apple MacBook AIR Apple M2 - (8 GB/256 GB SSD/Mac OS Monterey)...,4.7,"15,210",900,5,Highly recommended,Blindly go for Macbook if your budget allows. No other laptop can provide this quality and premiumness,blindly macbook budget allows laptop provide quality premiumness,negative,-0.21875,negative,-0.21875,positive,0.6134891510009766,positive,0.6134891510009766
Apple MacBook AIR Apple M2 - (8 GB/256 GB SSD/Mac OS Monterey)...,4.7,"15,210",900,5,Excellent,Prefect product and perfect price. I bought this mac for 78k in big billion days. I have been using this for 3 days now. It is working properly and had no starches. It's perfectly original and the packaging was also good. Really satisfied.,prefect product perfect price bought mac 78k big billion days using days working properly starches perfectly original packaging also good really satisfied,positive,0.4291666666666667,positive,0.4291666666666667,positive,0.9830353260040283,positive,0.9830353260040283
Apple MacBook AIR Apple M2 - (8 GB/256 GB SSD/Mac OS Monterey)...,4.7,"15,210",900,5,Awesome,Most powerful laptop out there.,powerful laptop,positive,0.4,positive,0.4,positive,0.9572617411613464,positive,0.9572617411613464
Apple MacBook AIR Apple M2 - (8 GB/256 GB SSD/Mac OS Monterey)...,4.7,"15,210",900,4,Good quality product,I ordered Macbook Air - 8GB RAM and 512GB Storage. I am happy with this product. It's expensive but it is valuable product and worth to have it. I am also happy with Flipkart services. I received it within 3 days. I recommended to buy this kind of expensive product from Flipkart as well.,ordered macbook air 8gb ram 512gb storage happy product expensive valuable product worth also happy flipkart services received within days recommended buy kind expensive product flipkart well,positive,0.25,positive,0.25,positive,0.9616485238075256,positive,0.9616485238075256
Apple MacBook AIR Apple M2 - (8 GB/256 GB SSD/Mac OS Monterey)...,4.7,"15,210",900,5,Best in the market!,"The deep midnight color is striking and adds a touch of elegance. The viewing experience is truly remarkable, providing vivid and immersive visuals. It's suitable for standard video and photo editing tasks. However, for users engaging in intensive video editing, it is advisable to choose the 512GB storage option due to the slower SSD speed of the 256GB model. Overall, considering the features and performance at this price point, it's a compelling deal.",deep midnight color striking adds touch elegance viewing experience truly remarkable providing vivid immersive visuals suitable standard video photo editing tasks however users engaging intensive video editing advisable choose 512gb storage option due slower ssd speed 256gb model overall considering features performance price point compelling deal,positive,0.25,positive,0.25,positive,0.933353066444397,positive,0.933353066444397
Apple MacBook AIR Apple M2 - (8 GB/256 GB SSD/Mac OS Monterey)...,4.7,"15,210",900,5,Classy product,"First time i have purchased a apple macbook and i am fully satisfied with the product, the design and looks of this are insane and just loves the product very much and the midnight colour is awesome, definitely value for money.",first time purchased apple macbook fully satisfied product design looks insane loves product much midnight colour awesome definitely value money,positive,0.16833333333333333,positive,0.16833333333333333,positive,0.9894701242446899,positive,0.9894701242446899
Apple MacBook AIR Apple M2 - (8 GB/256 GB SSD/Mac OS Monterey)...,4.7,"15,210",900,5,Awesome,Just moved from my old macbook air to M2 air. Overall the laptop is fast and capable of doing all the tasks required. Battery backup is very good. Overall happy with the purchase.,moved old macbook air air overall laptop fast capable tasks required battery backup good overall happy purchase,positive,0.3157142857142857,positive,0.3157142857142857,positive,0.9568623900413513,positive,0.9568623900413513
Apple MacBook AIR Apple M2 - (8 GB/256 GB SSD/Mac OS Monterey)...,4.7,"15,210",900,5,Terrific purchase,"The product is osm, you can go with this without any hesitation
I am writing the review almost purchasing after 2 months.
Display and design 10/10
Speaker and camera 10/10
Performance and build quality 10/10
Battery backup 10/10 unbelievable

I am very happy to purchase this and using this very smoothly no lagging any type i am work this MacBook almost 15 hours per day office purpose very very nice choice and i am running the coding apps on the mac till now no lagging seen. It is working ve...
READ MORE",product osm without hesitation writing review almost purchasing months display design 1010 speaker camera 1010 performance build quality 1010 battery backup 1010 unbelievable happy purchase using smoothly lagging type work macbook almost hours per day office purpose nice choice running coding apps mac till lagging seen working read,positive,0.354,positive,0.354,positive,0.972615659236908,positive,0.972615659236908
Apple MacBook AIR Apple M2 - (8 GB/256 GB SSD/Mac OS Monterey)...,4.7,"15,210",900,5,Awesome,"It's my first macbook. It was totally a different feeling to own it. Right from its aesthetic finish look to its performance... All r just amazing. Silver macbook has different royalty and classic touch. The sleek design and light weight makes it to carry wherever and whenever. The M2 chip does the work. The transfers and downloads were way faster. The battery life is fine... Camera is great... Overall, if u really want to shift from windows to MacOS then just go for it. Apart from the cost,...
READ MORE",first macbook totally different feeling right aesthetic finish look performance amazing silver macbook different royalty classic touch sleek design light weight makes carry wherever whenever chip work transfers downloads way faster battery life fine camera great overall really want shift windows macos apart cost read,positive,0.32454212454212455,positive,0.32454212454212455,positive,0.9772089719772339,positive,0.9772089719772339
Apple MacBook AIR Apple M2 - (8 GB/256 GB SSD/Mac OS Monterey)...,4.7,"15,210",900,5,Super!,"So beautiful,so elegant,just looking like a wow, starlight colour wow😍",beautifulso elegantjust looking like wow starlight colour wow,positive,0.1,positive,0.1,positive,0.9774169921875,positive,0.9774169921875
Apple MacBook AIR Apple M2 - (8 GB/256 GB SSD/Mac OS Monterey)...,4.7,"15,210",900,5,Perfect product!,"The MacBook Air M2 truly sets a new standard in performance and portability. Powered by the impressive M2 chip, it effortlessly handles demanding tasks while maintaining remarkable speed and efficiency. The sleek design, lightweight build, and vibrant Retina display make it a joy to use on the go. With its exceptional battery life and immersive audio, the MacBook Air M2 offers an unparalleled experience for both work and entertainment. It's a remarkable laptop that perfectly balances power an...
READ MORE",macbook air truly sets new standard performance portability powered impressive chip effortlessly handles demanding tasks maintaining remarkable speed efficiency sleek design lightweight build vibrant retina display make joy use exceptional battery life immersive audio macbook air offers unparalleled experience work entertainment remarkable laptop perfectly balances power read,positive,0.5336088154269972,positive,0.5336088154269972,positive,0.9726075530052185,positive,0.9726075530052185
Apple MacBook AIR Apple M2 - (8 GB/256 GB SSD/Mac OS Monterey)...,4.7,"15,210",900,3,Fair,Just a hype.,hype,neutral,0.0,neutral,0.0,neutral,0.5766869187355042,neutral,0.5766869187355042
Apple MacBook AIR Apple M2 - (8 GB/256 GB SSD/Mac OS Monterey)...,4.7,"15,210",900,4,Delightful,"It's a excellent choice, specially if you are buying it for work, free lancing and to learn new skills, It is great in both performance and battery in this price. Absolutely buy it. Giving it a 4 star as the piece I got has a little tight hinge and it won't open single handedly, which doesn't give a good Impression, and I can't even return it now and have to go apple service centre, But be real everybody doesn't have time to waste a whole day for this problem.",excellent choice specially buying work free lancing learn new skills great performance battery price absolutely buy giving star piece got little tight hinge wont open single handedly doesnt give good impression cant even return apple service centre real everybody doesnt time waste whole day problem,positive,0.23971474953617816,positive,0.23971474953617816,positive,0.9316425323486328,positive,0.9316425323486328
Apple MacBook AIR Apple M2 - (8 GB/256 GB SSD/Mac OS Monterey)...,4.7,"15,210",900,4,Very Good,Very good battery 🔋 and performance,good battery performance,positive,0.9099999999999999,positive,0.9099999999999999,positive,0.9665438532829285,positive,0.9665438532829285
Apple MacBook AIR Apple M2 - (8 GB/256 GB SSD/Mac OS Monterey)...,4.7,"15,210",900,5,Super!,Good,good,positive,0.7,positive,0.7,positive,0.6844374537467957,positive,0.6844374537467957
Apple MacBook AIR Apple M2 - (8 GB/256 GB SSD/Mac OS Monterey)...,4.7,"15,210",900,5,Must buy!,"Happy with the delivery; got it early in the same day, although expected was 3 days from the order.

Thought to buy asus oled additionally but it very much matches that quality and punchiness in colors!",happy delivery got early day although expected days order thought buy asus oled additionally much matches quality punchiness colors,positive,0.225,positive,0.225,positive,0.969953715801239,positive,0.969953715801239
Apple MacBook AIR Apple M2 - (8 GB/256 GB SSD/Mac OS Monterey)...,4.7,"15,210",900,5,Best in the market!,"Review after 1 week
Performance 10/10
Display 10/10
Easier to use
Light weight like we hold a book in hand 👌
Happy with the product and installation speed as well as top notch on transferring data.
My first Macbook after Windows...",review week performance 1010 display 1010 easier use light weight like hold book hand happy product installation speed well top notch transferring data first macbook windows,positive,0.48750000000000004,positive,0.48750000000000004,positive,0.9484665393829346,positive,0.9484665393829346
Apple MacBook AIR Apple M2 - (8 GB/256 GB SSD/Mac OS Monterey)...,4.7,"15,210",900,5,Super!,"Shifted from Windows to MacOS after using Windows till date. Takes a little time to get used to the new OS. But oh Boy!
-Its fast, smooth, light weight, super portable and a delight to work with.
- Display is amazing
- Speakers are loud
- No heating issues
- The biggest Highlight is the battery backup - runs well for a good 15-18 hrs on normal work usage
- Keyboard is fantastic, crisp, firm

The only negatives:
- the midnight color is a fingerprint magnet
- port selection is super limited",shifted windows macos using windows till date takes little time get used new boy fast smooth light weight super portable delight work display amazing speakers loud heating issues biggest highlight battery backup runs well good 1518 hrs normal work usage keyboard fantastic crisp firm negatives midnight color fingerprint magnet port selection super limited,positive,0.22363704004329005,positive,0.22363704004329005,positive,0.8831425309181213,positive,0.8831425309181213
Apple MacBook AIR Apple M2 - (8 GB/256 GB SSD/Mac OS Monterey)...,4.7,"15,210",900,5,Just wow!,Excellent 👌😉,excellent,positive,1.0,positive,1.0,positive,0.9711037874221802,positive,0.9711037874221802
Apple MacBook AIR Apple M2 - (8 GB/256 GB SSD/Mac OS Monterey)...,4.7,"15,210",900,5,Classy product,"Best laptop in this price (73K in big billion day Sale)

Pros:
Thinner and lighter
Liquid retina display
Good 1080p webcam
Fastest M2 chip
Long battery life (lasts more than a day)
No fan noise
Smooth Mac OS
Loud and clear audio quality

Features missing in this price range:
Touch screen
Oled display
Atleast 512 gb storage
Refresh rate (atleast 90hz)
Fast charging
Tablet mode",best laptop price 73k big billion day sale pros thinner lighter liquid retina display good 1080p webcam fastest chip long battery life lasts day fan noise smooth mac loud clear audio quality features missing price range touch screen oled display atleast 512 storage refresh rate atleast 90hz fast charging tablet mode,positive,0.275,positive,0.275,positive,0.8795539140701294,positive,0.8795539140701294
Apple MacBook AIR Apple M2 - (8 GB/256 GB SSD/Mac OS Monterey)...,4.7,"15,210",900,5,Perfect product!,"If you need a laptop for parsonal uses , editing, coding, and much more at the best price range,
Not for gaming, if you play smaller game like 200mb the machine gonna too hot 🔥 if you are not a gamer then go for it...",need laptop parsonal uses editing coding much best price range gaming play smaller game like 200mb machine gonna hot gamer,positive,0.27,positive,0.27,neutral,0.5210285186767578,neutral,0.5210285186767578
Apple MacBook AIR Apple M2 - (8 GB/256 GB SSD/Mac OS Monterey)...,4.7,"15,210",900,5,Simply awesome,"Very good performance and battery life. Coming from windows some things I like while somethings I hate.
But from the machine perspective value for money. Not for gamers.",good performance battery life coming windows things like somethings hate machine perspective value money gamers,positive,0.05499999999999994,positive,0.05499999999999994,positive,0.7084839940071106,positive,0.7084839940071106
Apple MacBook AIR Apple M2 - (8 GB/256 GB SSD/Mac OS Monterey)...,4.7,"15,210",900,5,Fabulous!,"Best in class
Display is just awesome crisp images
Sound quality very good
Fast charging also MagSafe
M2 chip best
Starlight colour loved it
Expensive but apple is apple",best class display awesome crisp images sound quality good fast charging also magsafe chip best starlight colour loved expensive apple apple,positive,0.5511111111111111,positive,0.5511111111111111,positive,0.9675150513648987,positive,0.9675150513648987
Apple MacBook AIR Apple M2 - (8 GB/256 GB SSD/Mac OS Monterey)...,4.7,"15,210",900,5,Mind-blowing purchase,"The Item is outstanding, But the delivery was delayed due to Ekart Logistics.",item outstanding delivery delayed due ekart logistics,positive,0.1875,positive,0.1875,negative,0.45942601561546326,negative,0.45942601561546326
Apple MacBook AIR Apple M2 - (8 GB/256 GB SSD/Mac OS Monterey)...,4.7,"15,210",900,5,High Performance Machine !!,"Performance of Mac is much superior as compared to any windows machine. If you are concerned w.r.t productivity and efficiency of your efforts on laptop, choose Macbook.

For my needs, M2 gives most value for money.

CAUTION - Beware of the fact that if you are switching from windows ecosystem, you will need to put spend substantial efforts in first 2-3 weeks to learn Mac commands and shortcuts.",performance mac much superior compared windows machine concerned wrt productivity efficiency efforts laptop choose macbook needs gives value money caution beware fact switching windows ecosystem need put spend substantial efforts first weeks learn mac commands shortcuts,positive,0.48333333333333334,positive,0.48333333333333334,positive,0.7305141687393188,positive,0.7305141687393188
Apple MacBook AIR Apple M2 - (8 GB/256 GB SSD/Mac OS Monterey)...,4.7,"15,210",900,5,Must buy!,Best laptop in 67k,best laptop 67k,positive,1.0,positive,1.0,positive,0.955928385257721,positive,0.955928385257721
Apple MacBook AIR Apple M2 - (8 GB/256 GB SSD/Mac OS Monterey)...,4.7,"15,210",900,5,Wonderful,You can go for it without even thinking twice. Definitely worth the price.,without even thinking twice definitely worth price,positive,0.3,positive,0.3,positive,0.9378710985183716,positive,0.9378710985183716
Apple MacBook AIR Apple M2 - (8 GB/256 GB SSD/Mac OS Monterey)...,4.7,"15,210",900,5,Classy product,"No need to tell it's apple
Good as al",need tell apple good,positive,0.7,positive,0.7,neutral,0.5196908116340637,neutral,0.5196908116340637
Apple MacBook AIR Apple M2 - (8 GB/256 GB SSD/Mac OS Monterey)...,4.7,"15,210",900,5,Just wow!,The macbook is brilliant,macbook brilliant,positive,0.9,positive,0.9,positive,0.9734345078468323,positive,0.9734345078468323
Apple MacBook AIR Apple M2 - (8 GB/256 GB SSD/Mac OS Monterey)...,4.7,"15,210",900,5,Excellent,Great...,great,positive,0.8,positive,0.8,positive,0.9286686182022095,positive,0.9286686182022095
Apple MacBook AIR Apple M2 - (8 GB/256 GB SSD/Mac OS Monterey)...,4.7,"15,210",900,5,Perfect product!,"The best product and building quality is superb, no matter for the usage if u r a windows user and planning to buy mac.",best product building quality superb matter usage windows user planning buy mac,positive,1.0,positive,1.0,positive,0.9619764685630798,positive,0.9619764685630798
Apple MacBook AIR Apple M2 - (8 GB/256 GB SSD/Mac OS Monterey)...,4.7,"15,210",900,5,Simply awesome,"This laptop is great and best for Students and programmers.

A lot of people will tell you that you can't install cracked apps but there are lots of options.

The battery is best no laptop comes close to it in terms of battery.

The keyboard and trackpad are the best that I have ever uses in any laptop especially the keyboard that is spot on the backlit is the best among all the laptops.

Coming to performance M2 chip will handle anything you throw at it but to mention M2 chip has slower SSD ...
READ MORE",laptop great best students programmers lot people tell cant install cracked apps lots options battery best laptop comes close terms battery keyboard trackpad best ever uses laptop especially keyboard spot backlit best among laptops coming performance chip handle anything throw mention chip slower ssd read,positive,0.7571428571428571,positive,0.7571428571428571,positive,0.8914986252784729,positive,0.8914986252784729
Apple MacBook AIR Apple M2 - (8 GB/256 GB SSD/Mac OS Monterey)...,4.7,"15,210",900,5,Fabulous!,"This MacBook is a fine wine ..
Go for it without any second thought.. 💗♾️🍷",macbook fine wine without second thought,positive,0.20833333333333334,positive,0.20833333333333334,positive,0.974586009979248,positive,0.974586009979248
Apple MacBook AIR Apple M2 - (8 GB/256 GB SSD/Mac OS Monterey)...,4.7,"15,210",900,5,Perfect product!,"Used for 2 months
Pros:
1.Performance is really good but 8gb ram will not be enough if you're doing video editing
2.Battery life is absolutely amazing
3. This was my first MacOs experience and I can say that Windows is better. There are some things that MacOS does better but it's not enough
4. I've played some games only a few. Not for gaming
5. Display , build, keyboard, touchpad , webcam and speakers are all very good
Cons:
1. It's very expensive just for an additional 256gb or 8gb ram
...
READ MORE",used months pros 1performance really good 8gb ram enough youre video editing 2battery life absolutely amazing first macos experience say windows better things macos better enough ive played games gaming display build keyboard touchpad webcam speakers good cons expensive additional 256gb 8gb ram read,positive,0.25916666666666666,positive,0.25916666666666666,positive,0.837018609046936,positive,0.837018609046936
Apple MacBook AIR Apple M2 - (8 GB/256 GB SSD/Mac OS Monterey)...,4.7,"15,210",900,5,Fabulous!,Just phenomenal. My words can't describe this machine.,phenomenal words cant describe machine,positive,0.5,positive,0.5,positive,0.9525041580200195,positive,0.9525041580200195
Apple MacBook AIR Apple M2 - (8 GB/256 GB SSD/Mac OS Monterey)...,4.7,"15,210",900,5,Must buy!,Loved it❤️,loved,positive,0.7,positive,0.7,positive,0.9792174100875854,positive,0.9792174100875854
Apple MacBook AIR Apple M2 - (8 GB/256 GB SSD/Mac OS Monterey)...,4.7,"15,210",900,5,Brilliant,"Been waiting to buy a macbook since M1 lunch, but finally bought Air M2 because of BBD in Flipkart. I got it at an unbelievable price. But I was a little disappointed with the delivery as it got delivered after 4 days after it came out for delivery.

I think I don't need to talk anything about Macbook Air M2 performance, it's literally awesome and no window laptop can beat it's battery.",waiting buy macbook since lunch finally bought air bbd flipkart got unbelievable price little disappointed delivery got delivered days came delivery think dont need talk anything macbook air performance literally awesome window laptop beat battery,neutral,-0.0375,neutral,-0.0375,negative,0.39016035199165344,negative,0.39016035199165344
Apple MacBook AIR Apple M2 - (8 GB/256 GB SSD/Mac OS Monterey)...,4.7,"15,210",900,5,Worth every penny,Totally Satisfied with this powerful machine. ✨,totally satisfied powerful machine,positive,0.4,positive,0.4,positive,0.9890700578689575,positive,0.9890700578689575
Apple MacBook AIR Apple M2 - (8 GB/256 GB SSD/Mac OS Monterey)...,4.7,"15,210",900,5,Worth every penny,"Just one word
Awesome 😊",one word awesome,positive,1.0,positive,1.0,positive,0.9633685946464539,positive,0.9633685946464539
Apple MacBook AIR Apple M2 - (8 GB/256 GB SSD/Mac OS Monterey)...,4.7,"15,210",900,4,Wonderful,"I bought this Mac bcz I wanted to buy a MAC! Using it for last 1 week, initial impression is great. Will update the review in future I get spare time.",bought mac bcz wanted buy mac using last week initial impression great update review future get spare time,positive,0.2,positive,0.2,positive,0.9578737616539001,positive,0.9578737616539001
Apple MacBook AIR Apple M2 - (8 GB/256 GB SSD/Mac OS Monterey)...,4.7,"15,210",900,4,Value-for-money,I have used it for almost a year and my experience was great.,used almost year experience great,positive,0.8,positive,0.8,positive,0.980904757976532,positive,0.980904757976532
Apple MacBook AIR Apple M2 - (8 GB/256 GB SSD/Mac OS Monterey)...,4.7,"15,210",900,4,Worth the money,"Got it in BBD, it's an amazing machine working so good, got a good deal... thanks Flipkart 😎",got bbd amazing machine working good got good deal thanks flipkart,positive,0.55,positive,0.55,positive,0.9844878315925598,positive,0.9844878315925598
Apple MacBook AIR Apple M2 - (8 GB/256 GB SSD/Mac OS Monterey)...,4.7,"15,210",900,4,Good choice,There is no need to review this product as when it comes to apple it gives you the best and premium feel. Though the MacBook is good the only disadvantage is the storage issue as it doesn't provide greater storage capacity.,need review product comes apple gives best premium feel though macbook good disadvantage storage issue doesnt provide greater storage capacity,positive,0.55,positive,0.55,positive,0.45628634095191956,positive,0.45628634095191956
Apple MacBook AIR Apple M2 - (8 GB/256 GB SSD/Mac OS Monterey)...,4.7,"15,210",900,5,Terrific,Great laptop value for money.,great laptop value money,positive,0.8,positive,0.8,positive,0.9766857028007507,positive,0.9766857028007507
Apple MacBook AIR Apple M2 - (8 GB/256 GB SSD/Mac OS Monterey)...,4.7,"15,210",900,5,Perfect product!,"Apple Macbook Air M2 is my first laptop and I don't even need to elaborate on the quality and user friendliness of Apple devices. They always set the bar high when it comes to attention to detail like multiple device integration in the Apple ecosystem. No other company till now has been able to accomplish this feat so efficiently. Everything is so seamless that we are in awe of Apple products. No doubt these are premium and costly devices but we get our money's worth over a long duration of t...
READ MORE",apple macbook air first laptop dont even need elaborate quality user friendliness apple devices always set bar high comes attention detail like multiple device integration apple ecosystem company till able accomplish feat efficiently everything seamless awe apple products doubt premium costly devices get moneys worth long duration read,positive,0.23225,positive,0.23225,positive,0.9740689992904663,positive,0.9740689992904663
Apple MacBook AIR Apple M2 - (8 GB/256 GB SSD/Mac OS Monterey)...,4.7,"15,210",900,5,Fabulous!,"Its a light weight powerful machine which is smooth and has zero lags.
The keypad quality is good.
Midnight black color looks very elegant.",light weight powerful machine smooth zero lags keypad quality good midnight black color looks elegant,positive,0.38055555555555554,positive,0.38055555555555554,positive,0.9556217193603516,positive,0.9556217193603516
Apple MacBook AIR Apple M2 - (8 GB/256 GB SSD/Mac OS Monterey)...,4.7,"15,210",900,5,Excellent,Nice,nice,positive,0.6,positive,0.6,positive,0.774058997631073,positive,0.774058997631073
Apple MacBook AIR Apple M2 - (8 GB/256 GB SSD/Mac OS Monterey)...,4.7,"15,210",900,5,Terrific,I bought the product during BBD 2023 at a good offer price. I am a first time mac user and got fascinated with the design and build quality of the Macbook. I feel like and excellent purchase.,bought product bbd 2023 good offer price first time mac user got fascinated design build quality macbook feel like excellent purchase,positive,0.65,positive,0.65,positive,0.9809369444847107,positive,0.9809369444847107
Apple MacBook AIR Apple M2 - (8 GB/256 GB SSD/Mac OS Monterey)...,4.7,"15,210",900,5,Wonderful,"Good product ,battery backup also good",good product battery backup also good,positive,0.7,positive,0.7,positive,0.9489203691482544,positive,0.9489203691482544
Apple MacBook AIR Apple M2 - (8 GB/256 GB SSD/Mac OS Monterey)...,4.7,"15,210",900,5,Terrific purchase,"Overall a product that never disappoints. The only thing that u don't like in this black colour is a fingerprint magnet every time you touch it, it gets full of fingerprints.",overall product never disappoints thing dont like black colour fingerprint magnet every time touch gets full fingerprints,neutral,0.04583333333333333,neutral,0.04583333333333333,positive,0.36759793758392334,positive,0.36759793758392334
Apple MacBook AIR Apple M2 - (8 GB/256 GB SSD/Mac OS Monterey)...,4.7,"15,210",900,4,Very Good,Premium And good performance,premium good performance,positive,0.7,positive,0.7,positive,0.9475549459457397,positive,0.9475549459457397
Apple MacBook AIR Apple M2 - (8 GB/256 GB SSD/Mac OS Monterey)...,4.7,"15,210",900,3,Good,The hinge is too tight and it will open 10mm automatically after close,hinge tight open 10mm automatically close,negative,-0.08928571428571429,negative,-0.08928571428571429,negative,0.6762345433235168,negative,0.6762345433235168
HP Backlit Intel Core i5 12th Gen 1235U - (8 GB/512 GB SSD/Win...,4.2,"5,248",272,4,Value-for-money,"Almost good performance, design but touch pad and battery back up not good.",almost good performance design touch pad battery back good,positive,0.11666666666666665,positive,0.11666666666666665,negative,0.6114903688430786,negative,0.6114903688430786
HP Backlit Intel Core i5 12th Gen 1235U - (8 GB/512 GB SSD/Win...,4.2,"5,248",272,5,Must buy!,"Changing the feedback after almost a month. In the start battery didn't even lasted for more than 30 mins. When I complained to HP customer support, they sent their engineer and a new battery was installed without any problem. Now it's working great. Great laptop and also great experience provided by customer service of HP.",changing feedback almost month start battery didnt even lasted mins complained customer support sent engineer new battery installed without problem working great great laptop also great experience provided customer service,positive,0.45606060606060606,positive,0.45606060606060606,positive,0.7479557394981384,positive,0.7479557394981384
HP Backlit Intel Core i5 12th Gen 1235U - (8 GB/512 GB SSD/Win...,4.2,"5,248",272,4,Nice product,Amazing one,amazing one,positive,0.6000000000000001,positive,0.6000000000000001,positive,0.9577603340148926,positive,0.9577603340148926
HP Backlit Intel Core i5 12th Gen 1235U - (8 GB/512 GB SSD/Win...,4.2,"5,248",272,5,Worth every penny,"If it fits in your budget, then you have to stop searching and go for it. The best delivery from HP Pavilion.",fits budget stop searching best delivery pavilion,positive,1.0,positive,1.0,positive,0.9458873867988586,positive,0.9458873867988586
HP Backlit Intel Core i5 12th Gen 1235U - (8 GB/512 GB SSD/Win...,4.2,"5,248",272,5,Classy product,Good for Administrative work,good administrative work,positive,0.7,positive,0.7,positive,0.8567158579826355,positive,0.8567158579826355
HP Backlit Intel Core i5 12th Gen 1235U - (8 GB/512 GB SSD/Win...,4.2,"5,248",272,5,Wonderful,"I m writing review after using one month.
Very good product from HP and very smooth
Performance I m fully satisfied with this laptop thaks Flipkart for safe delivery",writing review using one month good product smooth performance fully satisfied laptop thaks flipkart safe delivery,positive,0.6074999999999999,positive,0.6074999999999999,positive,0.9669977426528931,positive,0.9669977426528931
HP Backlit Intel Core i5 12th Gen 1235U - (8 GB/512 GB SSD/Win...,4.2,"5,248",272,5,Must buy!,"Very good Laptop and value for money. Delivery was very fast, thanks a lot to Flipkart.",good laptop value money delivery fast thanks lot flipkart,positive,0.4566666666666666,positive,0.4566666666666666,positive,0.9854189157485962,positive,0.9854189157485962
HP Backlit Intel Core i5 12th Gen 1235U - (8 GB/512 GB SSD/Win...,4.2,"5,248",272,5,Terrific,The product is stilish and worth of cost,product stilish worth cost,positive,0.3,positive,0.3,negative,0.7073291540145874,negative,0.7073291540145874
HP Backlit Intel Core i5 12th Gen 1235U - (8 GB/512 GB SSD/Win...,4.2,"5,248",272,5,Awesome,"Nice loptop.
Design is good.
Performance is also good.
Battery pack up is less and needed to improve.
Hp laptop is good for students and coding students.
Value for money.
Satisfied.",nice loptop design good performance also good battery pack less needed improve laptop good students coding students value money satisfied,positive,0.5055555555555555,positive,0.5055555555555555,positive,0.9297158718109131,positive,0.9297158718109131
HP Backlit Intel Core i5 12th Gen 1235U - (8 GB/512 GB SSD/Win...,4.2,"5,248",272,3,Good,"battery backup very low only 2 to 3 hours
display qulity not good
fan sound very high
over heat issue",battery backup low hours display qulity good fan sound high heat issue,positive,0.051600000000000014,positive,0.051600000000000014,negative,0.8357888460159302,negative,0.8357888460159302
HP Backlit Intel Core i5 12th Gen 1235U - (8 GB/512 GB SSD/Win...,4.2,"5,248",272,5,Fabulous!,Best gift for my daughter value of money,best gift daughter value money,positive,1.0,positive,1.0,positive,0.9810442328453064,positive,0.9810442328453064
HP Backlit Intel Core i5 12th Gen 1235U - (8 GB/512 GB SSD/Win...,4.2,"5,248",272,4,Very Good,"Amazing product from HP...
Value for Money💰👍.",amazing product value money,positive,0.6000000000000001,positive,0.6000000000000001,positive,0.984131395816803,positive,0.984131395816803
HP Backlit Intel Core i5 12th Gen 1235U - (8 GB/512 GB SSD/Win...,4.2,"5,248",272,4,Wonderful,"Got at good price of this configuration.
Pros- Very light and slim. Looks nice, sound is awesome.. Processor wise fast, Design looks great.
Cons-Resolution is not satisfactory. Battery gets down very fast.
Overall value for money product. Happy wid it, hope for long lasting service...",got good price configuration pros light slim looks nice sound awesome processor wise fast design looks great consresolution satisfactory battery gets fast overall value money product happy wid hope long lasting service,positive,0.4124603174603174,positive,0.4124603174603174,positive,0.9330668449401855,positive,0.9330668449401855
HP Backlit Intel Core i5 12th Gen 1235U - (8 GB/512 GB SSD/Win...,4.2,"5,248",272,5,Mind-blowing purchase,Battery backup need to improve ...rest all stunning performance at this range,battery backup need improve rest stunning performance range,positive,0.5,positive,0.5,neutral,0.5864045023918152,neutral,0.5864045023918152
HP Backlit Intel Core i5 12th Gen 1235U - (8 GB/512 GB SSD/Win...,4.2,"5,248",272,4,Good quality product,It's a good laptop but I would suggest to go for a latest upgrade in this price range. I got it at 58k.,good laptop would suggest latest upgrade price range got 58k,positive,0.6,positive,0.6,positive,0.875130832195282,positive,0.875130832195282
HP Backlit Intel Core i5 12th Gen 1235U - (8 GB/512 GB SSD/Win...,4.2,"5,248",272,4,Very Good,Cool professional one!!,cool professional one,positive,0.253125,positive,0.253125,positive,0.9579002261161804,positive,0.9579002261161804
HP Backlit Intel Core i5 12th Gen 1235U - (8 GB/512 GB SSD/Win...,4.2,"5,248",272,4,Value-for-money,Don't meet my expectations for Battery backup.,dont meet expectations battery backup,neutral,0.0,neutral,0.0,negative,0.7983110547065735,negative,0.7983110547065735
HP Backlit Intel Core i5 12th Gen 1235U - (8 GB/512 GB SSD/Win...,4.2,"5,248",272,5,Highly recommended,"Good one as per the price range. You can find other laptops as well with the same pricing and advanced features but HP gives you that brand value and assurance. Go for it, if you are not an extensive user and need a light and stable well built product.",good one per price range find laptops well pricing advanced features gives brand value assurance extensive user need light stable well built product,positive,0.22916666666666666,positive,0.22916666666666666,positive,0.8976802229881287,positive,0.8976802229881287
HP Backlit Intel Core i5 12th Gen 1235U - (8 GB/512 GB SSD/Win...,4.2,"5,248",272,5,Fabulous!,Good product for office use. Highly satisfied. It comes with backlit... Very sim,good product office use highly satisfied comes backlit sim,positive,0.4666666666666666,positive,0.4666666666666666,positive,0.9830886721611023,positive,0.9830886721611023
HP Backlit Intel Core i5 12th Gen 1235U - (8 GB/512 GB SSD/Win...,4.2,"5,248",272,5,Great product,GOOD,good,positive,0.7,positive,0.7,positive,0.6763386130332947,positive,0.6763386130332947
HP Backlit Intel Core i5 12th Gen 1235U - (8 GB/512 GB SSD/Win...,4.2,"5,248",272,4,Nice product,"Laptop is ok value for money , but battery backup is less and display average",laptop value money battery backup less display average,positive,0.06111111111111112,positive,0.06111111111111112,neutral,0.5008175373077393,neutral,0.5008175373077393
HP Backlit Intel Core i5 12th Gen 1235U - (8 GB/512 GB SSD/Win...,4.2,"5,248",272,5,Mind-blowing purchase,It was good purchase,good purchase,positive,0.7,positive,0.7,positive,0.9538931846618652,positive,0.9538931846618652
HP Backlit Intel Core i5 12th Gen 1235U - (8 GB/512 GB SSD/Win...,4.2,"5,248",272,3,Good,It heats up even with running simple apps. battery drains up quickly. however processor is fast. Design looks good.,heats even running simple apps battery drains quickly however processor fast design looks good,positive,0.30833333333333335,positive,0.30833333333333335,positive,0.870248019695282,positive,0.870248019695282
HP Backlit Intel Core i5 12th Gen 1235U - (8 GB/512 GB SSD/Win...,4.2,"5,248",272,4,Good quality product,"Initial experience was gud

Will post after 1mnth usage

Got 39990 in BBD",initial experience gud post 1mnth usage got 39990 bbd,neutral,0.0,neutral,0.0,positive,0.5369592905044556,positive,0.5369592905044556
HP Backlit Intel Core i5 12th Gen 1235U - (8 GB/512 GB SSD/Win...,4.2,"5,248",272,4,Value-for-money,Nice look ... affordable price... smooth functioning,nice look affordable price smooth functioning,positive,0.5,positive,0.5,positive,0.950111448764801,positive,0.950111448764801
HP Backlit Intel Core i5 12th Gen 1235U - (8 GB/512 GB SSD/Win...,4.2,"5,248",272,4,Good quality product,Ok,,positive,0.5,positive,0.5,positive,0.4870164394378662,positive,0.4870164394378662
HP Backlit Intel Core i5 12th Gen 1235U - (8 GB/512 GB SSD/Win...,4.2,"5,248",272,5,Brilliant,Awesome product 👌 love it,awesome product love,positive,0.75,positive,0.75,positive,0.9808510541915894,positive,0.9808510541915894
HP Backlit Intel Core i5 12th Gen 1235U - (8 GB/512 GB SSD/Win...,4.2,"5,248",272,5,Super!,Very nice product,nice product,positive,0.78,positive,0.78,positive,0.9448643922805786,positive,0.9448643922805786
HP Backlit Intel Core i5 12th Gen 1235U - (8 GB/512 GB SSD/Win...,4.2,"5,248",272,5,Super!,👍 nice laptop,nice laptop,positive,0.6,positive,0.6,positive,0.9648838043212891,positive,0.9648838043212891
HP Backlit Intel Core i5 12th Gen 1235U - (8 GB/512 GB SSD/Win...,4.2,"5,248",272,5,Best in the market!,Nice working,nice working,positive,0.6,positive,0.6,positive,0.9351844191551208,positive,0.9351844191551208
DELL Inspiron 3520 Intel Core i3 12th Gen 1215U - (8 GB/512 GB...,4.2,"3,899",279,5,Awesome,"Review after 3days:
1. Excellent display for this budget.
2. Performance is good too.
3. The only con I noticed is the battery, battery backup is only 3-4 hours only.",review 3days excellent display budget performance good con noticed battery battery backup hours,positive,0.33999999999999997,positive,0.33999999999999997,positive,0.8824833631515503,positive,0.8824833631515503
DELL Inspiron 3520 Intel Core i3 12th Gen 1215U - (8 GB/512 GB...,4.2,"3,899",279,5,Mind-blowing purchase,Excellent product look wise and performance wise superb product you can use for office and student and business purpose best laptop at these price,excellent product look wise performance wise superb product use office student business purpose best laptop price,positive,0.8800000000000001,positive,0.8800000000000001,positive,0.9779002070426941,positive,0.9779002070426941
DELL Inspiron 3520 Intel Core i3 12th Gen 1215U - (8 GB/512 GB...,4.2,"3,899",279,5,Highly recommended,The laptop is really good. But I am bit confused as some of the reviews says it has baclit keyboard. This feature is not available in this model.,laptop really good bit confused reviews says baclit keyboard feature available model,neutral,0.033333333333333305,neutral,0.033333333333333305,positive,0.42885249853134155,positive,0.42885249853134155
DELL Inspiron 3520 Intel Core i3 12th Gen 1215U - (8 GB/512 GB...,4.2,"3,899",279,4,Worth the money,Awesome machine but battery disappointed 😞,awesome machine battery disappointed,positive,0.125,positive,0.125,negative,0.7654703855514526,negative,0.7654703855514526
DELL Inspiron 3520 Intel Core i3 12th Gen 1215U - (8 GB/512 GB...,4.2,"3,899",279,5,Highly recommended,"I purchased this laptop on june 08...
Now its june 15 .. it working fine
I am purchasing this for coding..
Simple work run smoothly
But streaming or gaming it cause little bit heating...
Overall its very good laptop..

After reading so many reviews , i didn't like to buy this but i give it a try and it works fine...
Thank you dell and flipcart ....",purchased laptop june june working fine purchasing coding simple work run smoothly streaming gaming cause little bit heating overall good laptop reading many reviews didnt like buy give try works fine thank dell flipcart,positive,0.30697916666666664,positive,0.30697916666666664,positive,0.8980231285095215,positive,0.8980231285095215
DELL Inspiron 3520 Intel Core i3 12th Gen 1215U - (8 GB/512 GB...,4.2,"3,899",279,5,Terrific purchase,Nice everything is best this price range 👍and angel view is very good 😊.,nice everything best price range angel view good,positive,0.8366666666666666,positive,0.8366666666666666,positive,0.982804536819458,positive,0.982804536819458
DELL Inspiron 3520 Intel Core i3 12th Gen 1215U - (8 GB/512 GB...,4.2,"3,899",279,5,Brilliant,It's nice and Good product 👍,nice good product,positive,0.6499999999999999,positive,0.6499999999999999,positive,0.9740289449691772,positive,0.9740289449691772
DELL Inspiron 3520 Intel Core i3 12th Gen 1215U - (8 GB/512 GB...,4.2,"3,899",279,5,Mind-blowing purchase,"Good product💙💙
I love is product 🥰🥰🥰",good product love product,positive,0.6,positive,0.6,positive,0.9856162071228027,positive,0.9856162071228027
DELL Inspiron 3520 Intel Core i3 12th Gen 1215U - (8 GB/512 GB...,4.2,"3,899",279,4,Value-for-money,Overall good product in this price range.only need for improvement battery.,overall good product price rangeonly need improvement battery,positive,0.35,positive,0.35,positive,0.9499431848526001,positive,0.9499431848526001
DELL Inspiron 3520 Intel Core i3 12th Gen 1215U - (8 GB/512 GB...,4.2,"3,899",279,4,Delightful,design is not good because flap is touching to surface and its always take the load when its open and close and due to design air flow is not going to back side it will be flow towards upside. Display quality is very good and power backup is 5 hour when official work and 3 hour approx when multiple application and during watching movies.,design good flap touching surface always take load open close due design air flow going back side flow towards upside display quality good power backup hour official work hour approx multiple application watching movies,positive,0.13357142857142856,positive,0.13357142857142856,negative,0.524878740310669,negative,0.524878740310669
DELL Inspiron 3520 Intel Core i3 12th Gen 1215U - (8 GB/512 GB...,4.2,"3,899",279,3,Decent product,Good 👍,good,positive,0.7,positive,0.7,positive,0.9402067065238953,positive,0.9402067065238953
DELL Inspiron 3520 Intel Core i3 12th Gen 1215U - (8 GB/512 GB...,4.2,"3,899",279,5,Excellent,Very gud,gud,positive,0.2,positive,0.2,positive,0.9140433073043823,positive,0.9140433073043823
DELL Inspiron 3520 Intel Core i3 12th Gen 1215U - (8 GB/512 GB...,4.2,"3,899",279,5,Great product,First of all I was shocked 😱when I turned on first time it has backlight keyboard which is not mentioned in details and the performance is so smooth it has 120 hz display the display is feels like 2k the clear details and the viewing angel's are also good the design really feels premium quality and it's has thin bezels this laptop is my expectations above I loved it 🥰,first shocked turned first time backlight keyboard mentioned details performance smooth 120 display display feels like clear details viewing angels also good design really feels premium quality thin bezels laptop expectations loved,positive,0.15,positive,0.15,positive,0.9737796187400818,positive,0.9737796187400818
DELL Inspiron 3520 Intel Core i3 12th Gen 1215U - (8 GB/512 GB...,4.2,"3,899",279,5,Worth every penny,"Nice Product,Loved it",nice productloved,positive,0.6,positive,0.6,positive,0.9723817706108093,positive,0.9723817706108093
DELL Inspiron 3520 Intel Core i3 12th Gen 1215U - (8 GB/512 GB...,4.2,"3,899",279,5,Best in the market!,"Awesome
Value for Money
Best for regular use
Not with keyboard backlight",awesome value money best regular use keyboard backlight,positive,0.6666666666666666,positive,0.6666666666666666,positive,0.8658370971679688,positive,0.8658370971679688
DELL Inspiron 3520 Intel Core i3 12th Gen 1215U - (8 GB/512 GB...,4.2,"3,899",279,5,Best in the market!,Nice but baitry only 2-3 hour,nice baitry hour,positive,0.3,positive,0.3,positive,0.7456523180007935,positive,0.7456523180007935
DELL Inspiron 3520 Intel Core i3 12th Gen 1215U - (8 GB/512 GB...,4.2,"3,899",279,5,Highly recommended,Overall laptop is best but it get heat too fast and when it heated it works slow,overall laptop best get heat fast heated works slow,positive,0.22499999999999998,positive,0.22499999999999998,negative,0.567489504814148,negative,0.567489504814148
DELL Inspiron 3520 Intel Core i3 12th Gen 1215U - (8 GB/512 GB...,4.2,"3,899",279,4,Good quality product,"This is my first leptop very nice 👍
Best performance ever 😅",first leptop nice best performance ever,positive,0.6766666666666667,positive,0.6766666666666667,positive,0.9885097146034241,positive,0.9885097146034241
DELL Inspiron 3520 Intel Core i3 12th Gen 1215U - (8 GB/512 GB...,4.2,"3,899",279,3,Just okay,"Its okay.... Battery 🔋 worst ,too.much",okay battery worst toomuch,negative,-0.25,negative,-0.25,negative,0.5959985852241516,negative,0.5959985852241516
DELL Inspiron 3520 Intel Core i3 12th Gen 1215U - (8 GB/512 GB...,4.2,"3,899",279,4,Good choice,Fully value for money...full Paisa wasool but battery is very poor also little heating problem and performance is good at this price ...I am a student of competitive examination and reviewing this after using 1 week..🤑🤑,fully value moneyfull paisa wasool battery poor also little heating problem performance good price student competitive examination reviewing using week,neutral,-0.002500000000000021,neutral,-0.002500000000000021,positive,0.8866071701049805,positive,0.8866071701049805
DELL Inspiron 3520 Intel Core i3 12th Gen 1215U - (8 GB/512 GB...,4.2,"3,899",279,5,Super!,Product is nice everything is good but battery is poor battery backup is very baad,product nice everything good battery poor battery backup baad,positive,0.27499999999999997,positive,0.27499999999999997,negative,0.46588221192359924,negative,0.46588221192359924
DELL Inspiron 3520 Intel Core i3 12th Gen 1215U - (8 GB/512 GB...,4.2,"3,899",279,5,Excellent,Very very nice very nice very great very good,nice nice great good,positive,0.8674999999999999,positive,0.8674999999999999,positive,0.9752587080001831,positive,0.9752587080001831
DELL Inspiron 3520 Intel Core i3 12th Gen 1215U - (8 GB/512 GB...,4.2,"3,899",279,5,Excellent,It's g good product,good product,positive,0.7,positive,0.7,positive,0.9625707864761353,positive,0.9625707864761353
DELL Inspiron 3520 Intel Core i3 12th Gen 1215U - (8 GB/512 GB...,4.2,"3,899",279,5,Wonderful,"All over I love the product means in this price range I got all the features~ HD webcam,Backlit keyboard,12th gen everything so I love it",love product means price range got features webcambacklit keyboard12th gen everything love,positive,0.5,positive,0.5,positive,0.983089804649353,positive,0.983089804649353
DELL Inspiron 3520 Intel Core i3 12th Gen 1215U - (8 GB/512 GB...,4.2,"3,899",279,5,Perfect product!,Good performance,good performance,positive,0.7,positive,0.7,positive,0.9162586331367493,positive,0.9162586331367493
DELL Inspiron 3520 Intel Core i3 12th Gen 1215U - (8 GB/512 GB...,4.2,"3,899",279,4,Really Nice,Ok good product,good product,positive,0.6,positive,0.6,positive,0.9155607223510742,positive,0.9155607223510742
DELL Inspiron 3520 Intel Core i3 12th Gen 1215U - (8 GB/512 GB...,4.2,"3,899",279,5,Fabulous!,Nice laptop for student for online class and programming.,nice laptop student online class programming,positive,0.6,positive,0.6,positive,0.9505250453948975,positive,0.9505250453948975
DELL Inspiron 3520 Intel Core i3 12th Gen 1215U - (8 GB/512 GB...,4.2,"3,899",279,5,Great product,So nycc product value for money,nycc product value money,neutral,0.0,neutral,0.0,neutral,0.7371726632118225,neutral,0.7371726632118225
DELL Inspiron 3520 Intel Core i3 12th Gen 1215U - (8 GB/512 GB...,4.2,"3,899",279,5,Great product,"The Dell Inspiron , with a quality overall user experience and capable performance is a good value proposition for working professionals and students
Thanks ❤️",dell inspiron quality overall user experience capable performance good value proposition working professionals students thanks,positive,0.27499999999999997,positive,0.27499999999999997,positive,0.9648275375366211,positive,0.9648275375366211
DELL Inspiron 3520 Intel Core i3 12th Gen 1215U - (8 GB/512 GB...,4.2,"3,899",279,5,Wonderful,Built is normal performance wise good,built normal performance wise good,positive,0.5166666666666666,positive,0.5166666666666666,positive,0.8493225574493408,positive,0.8493225574493408
DELL Inspiron 3520 Intel Core i3 12th Gen 1215U - (8 GB/512 GB...,4.2,"3,899",279,3,Nice,Keypad backlight is not there but in other model with same specifications has keyboard backlight and its hang little bit,keypad backlight model specifications keyboard backlight hang little bit,negative,-0.10416666666666667,negative,-0.10416666666666667,neutral,0.7486847639083862,neutral,0.7486847639083862
DELL Inspiron 3520 Intel Core i3 12th Gen 1215U - (8 GB/512 GB...,4.2,"3,899",279,3,Does the job,"Not that my good , performance is slow",good performance slow,positive,0.19999999999999996,positive,0.19999999999999996,negative,0.8828513622283936,negative,0.8828513622283936
DELL Inspiron 3520 Intel Core i3 12th Gen 1215U - (8 GB/512 GB...,4.2,"3,899",279,4,Wonderful,Good product in this price rang,good product price rang,positive,0.7,positive,0.7,positive,0.8631908893585205,positive,0.8631908893585205
DELL Inspiron 3520 Intel Core i3 12th Gen 1215U - (8 GB/512 GB...,4.2,"3,899",279,4,Really Nice,"Everything is good, but no proper battery backup",everything good proper battery backup,positive,0.35,positive,0.35,negative,0.41912519931793213,negative,0.41912519931793213
DELL Inspiron 3520 Intel Core i3 12th Gen 1215U - (8 GB/512 GB...,4.2,"3,899",279,5,Excellent,Dell laptop are the best when comes to display and sound quality,dell laptop best comes display sound quality,positive,0.7,positive,0.7,positive,0.9616041779518127,positive,0.9616041779518127
DELL Inspiron 3520 Intel Core i3 12th Gen 1215U - (8 GB/512 GB...,4.2,"3,899",279,5,Fabulous!,"I am using this laptop since 2 months.
Best laptop in this segment.",using laptop since months best laptop segment,positive,1.0,positive,1.0,positive,0.9715113639831543,positive,0.9715113639831543
DELL Inspiron 3520 Intel Core i3 12th Gen 1215U - (8 GB/512 GB...,4.2,"3,899",279,5,Excellent,Exllent,exllent,neutral,0.0,neutral,0.0,neutral,0.6670209765434265,neutral,0.6670209765434265
DELL Inspiron 3520 Intel Core i3 12th Gen 1215U - (8 GB/512 GB...,4.2,"3,899",279,5,Fabulous!,Very good product,good product,positive,0.9099999999999999,positive,0.9099999999999999,positive,0.9434438347816467,positive,0.9434438347816467
DELL Inspiron 3520 Intel Core i3 12th Gen 1215U - (8 GB/512 GB...,4.2,"3,899",279,5,Brilliant,Nice,nice,positive,0.6,positive,0.6,positive,0.774058997631073,positive,0.774058997631073
DELL Inspiron 3520 Intel Core i3 12th Gen 1215U - (8 GB/512 GB...,4.2,"3,899",279,5,Terrific,I3 is good for normal usage....,good normal usage,positive,0.425,positive,0.425,positive,0.8168241381645203,positive,0.8168241381645203
DELL Inspiron 3520 Intel Core i3 12th Gen 1215U - (8 GB/512 GB...,4.2,"3,899",279,5,Brilliant,Excellent Laptop. Dell Laptop are like i never had seen before and india's most trusted brand.,excellent laptop dell laptop like never seen indias trusted brand,positive,0.75,positive,0.75,positive,0.983183741569519,positive,0.983183741569519
DELL Inspiron 3520 Intel Core i3 12th Gen 1215U - (8 GB/512 GB...,4.2,"3,899",279,5,Super!,Most valuable laptop under 30k . Student must go to buy it.,valuable laptop 30k student must buy,positive,0.5,positive,0.5,positive,0.8626542091369629,positive,0.8626542091369629
DELL Inspiron 3520 Intel Core i3 12th Gen 1215U - (8 GB/512 GB...,4.2,"3,899",279,5,Worth every penny,Value for money,value money,neutral,0.0,neutral,0.0,neutral,0.5725551247596741,neutral,0.5725551247596741
DELL Inspiron 3520 Intel Core i3 12th Gen 1215U - (8 GB/512 GB...,4.2,"3,899",279,5,Perfect product!,Very good product and working so smoothly 💯💯,good product working smoothly,positive,0.655,positive,0.655,positive,0.9828798174858093,positive,0.9828798174858093
DELL Inspiron 3520 Intel Core i3 12th Gen 1215U - (8 GB/512 GB...,4.2,"3,899",279,5,Best in the market!,Very good quality,good quality,positive,0.9099999999999999,positive,0.9099999999999999,positive,0.9200591444969177,positive,0.9200591444969177
DELL Inspiron 3520 Intel Core i3 12th Gen 1215U - (8 GB/512 GB...,4.2,"3,899",279,5,Must buy!,The Laptop is very good and works fine. I can do basic level video editing also. Worth for money.,laptop good works fine basic level video editing also worth money,positive,0.4066666666666667,positive,0.4066666666666667,positive,0.9612342715263367,positive,0.9612342715263367
DELL Inspiron 3520 Intel Core i3 12th Gen 1215U - (8 GB/512 GB...,4.2,"3,899",279,5,Awesome,"It's working fine, a value for money deal",working fine value money deal,positive,0.4166666666666667,positive,0.4166666666666667,positive,0.7889708876609802,positive,0.7889708876609802
DELL Inspiron 3520 Intel Core i3 12th Gen 1215U - (8 GB/512 GB...,4.2,"3,899",279,5,Classy product,Good quality very nice,good quality nice,positive,0.74,positive,0.74,positive,0.9512788653373718,positive,0.9512788653373718
DELL Inspiron 3520 Intel Core i3 12th Gen 1215U - (8 GB/512 GB...,4.2,"3,899",279,5,Great product,Good,good,positive,0.7,positive,0.7,positive,0.6844374537467957,positive,0.6844374537467957
DELL Inspiron 3520 Intel Core i3 12th Gen 1215U - (8 GB/512 GB...,4.2,"3,899",279,5,Simply awesome,"Nice performance
and good quality",nice performance good quality,positive,0.6499999999999999,positive,0.6499999999999999,positive,0.9630935192108154,positive,0.9630935192108154
DELL Inspiron 3520 Intel Core i3 12th Gen 1215U - (8 GB/512 GB...,4.2,"3,899",279,5,Wonderful,Nice Laptop in this range,nice laptop range,positive,0.6,positive,0.6,positive,0.9629058837890625,positive,0.9629058837890625
DELL Inspiron 3520 Intel Core i3 12th Gen 1215U - (8 GB/512 GB...,4.2,"3,899",279,5,Brilliant,Just looking like a wow 🔥,looking like wow,positive,0.1,positive,0.1,positive,0.9055418372154236,positive,0.9055418372154236
DELL Inspiron 3520 Intel Core i3 12th Gen 1215U - (8 GB/512 GB...,4.2,"3,899",279,5,Fabulous!,V good go for it ... value of money,good value money,positive,0.7,positive,0.7,positive,0.9269179105758667,positive,0.9269179105758667
DELL Inspiron 3520 Intel Core i3 12th Gen 1215U - (8 GB/512 GB...,4.2,"3,899",279,5,Must buy!,Super,super,positive,0.3333333333333333,positive,0.3333333333333333,positive,0.6604627370834351,positive,0.6604627370834351
DELL Inspiron 3520 Intel Core i3 12th Gen 1215U - (8 GB/512 GB...,4.2,"3,899",279,5,Just wow!,Very Nice and Slim product within this price range.,nice slim product within price range,positive,0.78,positive,0.78,positive,0.9672872424125671,positive,0.9672872424125671
DELL Inspiron 3520 Intel Core i3 12th Gen 1215U - (8 GB/512 GB...,4.2,"3,899",279,5,Classy product,Superb,superb,positive,1.0,positive,1.0,positive,0.9032238125801086,positive,0.9032238125801086
DELL Inspiron 3520 Intel Core i3 12th Gen 1215U - (8 GB/512 GB...,4.2,"3,899",279,5,Highly recommended,"It's good 😊 I love this prodack ❤️
But this price is varie experience",good love prodack price varie experience,positive,0.6,positive,0.6,positive,0.9816156029701233,positive,0.9816156029701233
DELL Inspiron 3520 Intel Core i3 12th Gen 1215U - (8 GB/512 GB...,4.2,"3,899",279,5,Mind-blowing purchase,all features are good..,features good,positive,0.7,positive,0.7,positive,0.9417486190795898,positive,0.9417486190795898
DELL Inspiron 3520 Intel Core i3 12th Gen 1215U - (8 GB/512 GB...,4.2,"3,899",279,5,Terrific purchase,Good work,good work,positive,0.7,positive,0.7,positive,0.8972846865653992,positive,0.8972846865653992
DELL Inspiron 3520 Intel Core i3 12th Gen 1215U - (8 GB/512 GB...,4.2,"3,899",279,4,Worth the money,Good,good,positive,0.7,positive,0.7,positive,0.6844374537467957,positive,0.6844374537467957
DELL Inspiron 3520 Intel Core i3 12th Gen 1215U - (8 GB/512 GB...,4.2,"3,899",279,3,Nice,"Nice laptop, good display, good keyboard but not backlit ,still its okay👍, performance wise is also performed well, so for me, it was a value for money.🙂 i have no complain for now🙂",nice laptop good display good keyboard backlit still okay performance wise also performed well value money complain,positive,0.6749999999999999,positive,0.6749999999999999,positive,0.9676094651222229,positive,0.9676094651222229
DELL Inspiron 3520 Intel Core i3 12th Gen 1215U - (8 GB/512 GB...,4.2,"3,899",279,3,Good,"Battery issue, we are facing an issue with setting up pin for login, it keeps coming error",battery issue facing issue setting pin login keeps coming error,neutral,0.0,neutral,0.0,negative,0.7690423727035522,negative,0.7690423727035522
DELL Inspiron 3520 Intel Core i3 12th Gen 1215U - (8 GB/512 GB...,4.2,"3,899",279,3,Good,"DISPLAY IS 5/5
BATTERY 3/5
SPEAKER 3/5
PERFORMANCE 5/5 IN 33K",display battery speaker performance 33k,neutral,0.0,neutral,0.0,neutral,0.7903169393539429,neutral,0.7903169393539429
DELL Inspiron 3520 Intel Core i3 12th Gen 1215U - (8 GB/512 GB...,4.2,"3,899",279,3,Does the job,Ok product,product,positive,0.5,positive,0.5,neutral,0.6052709221839905,neutral,0.6052709221839905
DELL Inspiron 3520 Intel Core i3 12th Gen 1215U - (8 GB/512 GB...,4.2,"3,899",279,3,Does the job,Laptop is gud but battery drain is faster... overall all ok....gud performance,laptop gud battery drain faster overall okgud performance,neutral,0.0,neutral,0.0,positive,0.9558460116386414,positive,0.9558460116386414
DELL Inspiron 3520 Intel Core i3 12th Gen 1215U - (8 GB/512 GB...,4.2,"3,899",279,3,Just okay,Very good product and nice performance,good product nice performance,positive,0.7549999999999999,positive,0.7549999999999999,positive,0.972855806350708,positive,0.972855806350708
DELL Inspiron 3520 Intel Core i3 12th Gen 1215U - (8 GB/512 GB...,4.2,"3,899",279,4,Delightful,Best there has no backlight keeboard,best backlight keeboard,positive,1.0,positive,1.0,neutral,0.4591440260410309,neutral,0.4591440260410309
DELL Inspiron 3520 Intel Core i3 12th Gen 1215U - (8 GB/512 GB...,4.2,"3,899",279,4,Worth the money,Performance of this laptop is excellent and all the keys are working well also more or less battery backup is quite well it worthwhile the paid amount for this laptop..,performance laptop excellent keys working well also less battery backup quite well worthwhile paid amount laptop,positive,0.4583333333333333,positive,0.4583333333333333,positive,0.9794975519180298,positive,0.9794975519180298
DELL Inspiron 3520 Intel Core i3 12th Gen 1215U - (8 GB/512 GB...,4.2,"3,899",279,4,Worth the money,Very nice product ( Deepak ),nice product deepak,positive,0.78,positive,0.78,positive,0.9719414710998535,positive,0.9719414710998535
DELL Inspiron 3520 Intel Core i3 12th Gen 1215U - (8 GB/512 GB...,4.2,"3,899",279,5,Brilliant,Bought laptop nice brand new brand value,bought laptop nice brand new brand value,positive,0.36818181818181817,positive,0.36818181818181817,positive,0.955367922782898,positive,0.955367922782898
DELL Inspiron 3520 Intel Core i3 12th Gen 1215U - (8 GB/512 GB...,4.2,"3,899",279,5,Super!,Super 👍 product.,super product,positive,0.3333333333333333,positive,0.3333333333333333,positive,0.9773555994033813,positive,0.9773555994033813
DELL Inspiron 3520 Intel Core i3 12th Gen 1215U - (8 GB/512 GB...,4.2,"3,899",279,5,Highly recommended,Laptop 💻 is a great 👍 thanks Flipkart build Quality is best,laptop great thanks flipkart build quality best,positive,0.6666666666666666,positive,0.6666666666666666,positive,0.9850795269012451,positive,0.9850795269012451
DELL Inspiron 3520 Intel Core i3 12th Gen 1215U - (8 GB/512 GB...,4.2,"3,899",279,3,Good,"I bought an i3 1215U 8gb ram version

Backlit keyboard comes only for i5 version...few images in the review section are not related.

1. Display is nice
2. No stuttering while doing normal tasks...but definitely can't even run rocket league at playable fps.",bought 1215u 8gb ram version backlit keyboard comes versionfew images review section related display nice stuttering normal tasksbut definitely cant even run rocket league playable fps,positive,0.15,positive,0.15,negative,0.4861414432525635,negative,0.4861414432525635
DELL Inspiron 3520 Intel Core i3 12th Gen 1215U - (8 GB/512 GB...,4.2,"3,899",279,4,Pretty good,Ok,,positive,0.5,positive,0.5,positive,0.4870164394378662,positive,0.4870164394378662
DELL Inspiron 3520 Intel Core i3 12th Gen 1215U - (8 GB/512 GB...,4.2,"3,899",279,1,Very poor,"Heating problem, battery backup not good , many times suddenly off",heating problem battery backup good many times suddenly,positive,0.05000000000000001,positive,0.05000000000000001,negative,0.9124706983566284,negative,0.9124706983566284
DELL Inspiron 3520 Intel Core i3 12th Gen 1215U - (8 GB/512 GB...,4.2,"3,899",279,5,Brilliant,Everything is working fine and speed is really good due to i3 processor which is enough for basic usages and I play game like asphalt and gta also.,everything working fine speed really good due processor enough basic usages play game like asphalt gta also,positive,0.09861111111111111,positive,0.09861111111111111,positive,0.9610567688941956,positive,0.9610567688941956
DELL Inspiron 3520 Intel Core i3 12th Gen 1215U - (8 GB/512 GB...,4.2,"3,899",279,1,Worst experience ever!,Heating issue and not performing according to specification mentioned.,heating issue performing according specification mentioned,neutral,0.0,neutral,0.0,negative,0.8246447443962097,negative,0.8246447443962097
DELL Inspiron 3520 Intel Core i3 12th Gen 1215U - (8 GB/512 GB...,4.2,"3,899",279,5,Terrific purchase,Very nice value for money good performance,nice value money good performance,positive,0.74,positive,0.74,positive,0.9721436500549316,positive,0.9721436500549316
DELL Inspiron 3520 Intel Core i3 12th Gen 1215U - (8 GB/512 GB...,4.2,"3,899",279,5,Classy product,Good product for delivery,good product delivery,positive,0.7,positive,0.7,positive,0.9449846744537354,positive,0.9449846744537354
DELL Inspiron 3520 Intel Core i3 12th Gen 1215U - (8 GB/512 GB...,4.2,"3,899",279,4,Wonderful,nice,nice,positive,0.6,positive,0.6,positive,0.6833009123802185,positive,0.6833009123802185
DELL Inspiron 3520 Intel Core i3 12th Gen 1215U - (8 GB/512 GB...,4.2,"3,899",279,1,Don't waste your money,Verry slow working dont buy this products,verry slow working dont buy products,negative,-0.30000000000000004,negative,-0.30000000000000004,negative,0.9202553629875183,negative,0.9202553629875183
DELL Inspiron 3520 Intel Core i3 12th Gen 1215U - (8 GB/512 GB...,4.2,"3,899",279,4,Very Good,Nice n,nice,positive,0.6,positive,0.6,positive,0.7117438316345215,positive,0.7117438316345215
DELL Inspiron 3520 Intel Core i3 12th Gen 1215U - (8 GB/512 GB...,4.2,"3,899",279,4,Delightful,Nice,nice,positive,0.6,positive,0.6,positive,0.774058997631073,positive,0.774058997631073
DELL Inspiron 3520 Intel Core i3 12th Gen 1215U - (8 GB/512 GB...,4.2,"3,899",279,1,Did not meet expectations,Dont take any product in flipkart,dont take product flipkart,neutral,0.0,neutral,0.0,negative,0.7916014194488525,negative,0.7916014194488525
DELL Inspiron 3520 Intel Core i3 12th Gen 1215U - (8 GB/512 GB...,4.2,"3,899",279,5,Simply awesome,Best laptop,best laptop,positive,1.0,positive,1.0,positive,0.9377615451812744,positive,0.9377615451812744
